<?xml version="1.0" encoding="UTF-8"?>
<root>
  <item name="com.google.android.exoplayer2.video.ColorInfo ColorInfo(int, int, int, byte[]) 0">
    <annotation name="androidx.annotation.IntDef">
      <val name="value" val="{com.google.android.exoplayer2.Format.NO_VALUE, com.google.android.exoplayer2.C.COLOR_SPACE_BT709, com.google.android.exoplayer2.C.COLOR_SPACE_BT601, com.google.android.exoplayer2.C.COLOR_SPACE_BT2020}" />
    </annotation>
  </item>
  <item name="com.google.android.exoplayer2.video.ColorInfo ColorInfo(int, int, int, byte[]) 1">
    <annotation name="androidx.annotation.IntDef">
      <val name="value" val="{com.google.android.exoplayer2.Format.NO_VALUE, com.google.android.exoplayer2.C.COLOR_RANGE_LIMITED, com.google.android.exoplayer2.C.COLOR_RANGE_FULL}" />
    </annotation>
  </item>
  <item name="com.google.android.exoplayer2.video.ColorInfo ColorInfo(int, int, int, byte[]) 2">
    <annotation name="androidx.annotation.IntDef">
      <val name="value" val="{com.google.android.exoplayer2.Format.NO_VALUE, com.google.android.exoplayer2.C.COLOR_TRANSFER_SDR, com.google.android.exoplayer2.C.COLOR_TRANSFER_ST2084, com.google.android.exoplayer2.C.COLOR_TRANSFER_HLG}" />
    </annotation>
  </item>
  <item name="com.google.android.exoplayer2.video.ColorInfo colorRange">
    <annotation name="androidx.annotation.IntDef">
      <val name="value" val="{com.google.android.exoplayer2.Format.NO_VALUE, com.google.android.exoplayer2.C.COLOR_RANGE_LIMITED, com.google.android.exoplayer2.C.COLOR_RANGE_FULL}" />
    </annotation>
  </item>
  <item name="com.google.android.exoplayer2.video.ColorInfo colorSpace">
    <annotation name="androidx.annotation.IntDef">
      <val name="value" val="{com.google.android.exoplayer2.Format.NO_VALUE, com.google.android.exoplayer2.C.COLOR_SPACE_BT709, com.google.android.exoplayer2.C.COLOR_SPACE_BT601, com.google.android.exoplayer2.C.COLOR_SPACE_BT2020}" />
    </annotation>
  </item>
  <item name="com.google.android.exoplayer2.video.ColorInfo colorTransfer">
    <annotation name="androidx.annotation.IntDef">
      <val name="value" val="{com.google.android.exoplayer2.Format.NO_VALUE, com.google.android.exoplayer2.C.COLOR_TRANSFER_SDR, com.google.android.exoplayer2.C.COLOR_TRANSFER_ST2084, com.google.android.exoplayer2.C.COLOR_TRANSFER_HLG}" />
    </annotation>
  </item>
  <item name="com.google.android.exoplayer2.video.DummySurface int getSecureMode(android.content.Context)">
    <annotation name="androidx.annotation.IntDef">
      <val name="value" val="{com.google.android.exoplayer2.util.EGLSurfaceTexture.SECURE_MODE_NONE, com.google.android.exoplayer2.util.EGLSurfaceTexture.SECURE_MODE_SURFACELESS_CONTEXT, com.google.android.exoplayer2.util.EGLSurfaceTexture.SECURE_MODE_PROTECTED_PBUFFER}" />
    </annotation>
  </item>
  <item name="com.google.android.exoplayer2.video.DummySurface secureMode">
    <annotation name="androidx.annotation.IntDef">
      <val name="value" val="{com.google.android.exoplayer2.util.EGLSurfaceTexture.SECURE_MODE_NONE, com.google.android.exoplayer2.util.EGLSurfaceTexture.SECURE_MODE_SURFACELESS_CONTEXT, com.google.android.exoplayer2.util.EGLSurfaceTexture.SECURE_MODE_PROTECTED_PBUFFER}" />
    </annotation>
  </item>
  <item name="com.google.android.exoplayer2.video.DummySurface.DummySurfaceThread com.google.android.exoplayer2.video.DummySurface init(int) 0">
    <annotation name="androidx.annotation.IntDef">
      <val name="value" val="{com.google.android.exoplayer2.util.EGLSurfaceTexture.SECURE_MODE_NONE, com.google.android.exoplayer2.util.EGLSurfaceTexture.SECURE_MODE_SURFACELESS_CONTEXT, com.google.android.exoplayer2.util.EGLSurfaceTexture.SECURE_MODE_PROTECTED_PBUFFER}" />
    </annotation>
  </item>
  <item name="com.google.android.exoplayer2.video.DummySurface.DummySurfaceThread void initInternal(int) 0">
    <annotation name="androidx.annotation.IntDef">
      <val name="value" val="{com.google.android.exoplayer2.util.EGLSurfaceTexture.SECURE_MODE_NONE, com.google.android.exoplayer2.util.EGLSurfaceTexture.SECURE_MODE_SURFACELESS_CONTEXT, com.google.android.exoplayer2.util.EGLSurfaceTexture.SECURE_MODE_PROTECTED_PBUFFER}" />
    </annotation>
  </item>
  <item name="com.google.android.exoplayer2.video.MediaCodecVideoRenderer int canKeepCodec(android.media.MediaCodec, com.google.android.exoplayer2.mediacodec.MediaCodecInfo, com.google.android.exoplayer2.Format, com.google.android.exoplayer2.Format)">
    <annotation name="androidx.annotation.IntDef">
      <val name="value" val="{com.google.android.exoplayer2.mediacodec.MediaCodecRenderer.KEEP_CODEC_RESULT_NO, com.google.android.exoplayer2.mediacodec.MediaCodecRenderer.KEEP_CODEC_RESULT_YES_WITH_FLUSH, com.google.android.exoplayer2.mediacodec.MediaCodecRenderer.KEEP_CODEC_RESULT_YES_WITH_RECONFIGURATION, com.google.android.exoplayer2.mediacodec.MediaCodecRenderer.KEEP_CODEC_RESULT_YES_WITHOUT_RECONFIGURATION}" />
    </annotation>
  </item>
  <item name="com.google.android.exoplayer2.video.MediaCodecVideoRenderer int supportsFormat(com.google.android.exoplayer2.mediacodec.MediaCodecSelector, com.google.android.exoplayer2.drm.DrmSessionManager&lt;com.google.android.exoplayer2.drm.FrameworkMediaCrypto&gt;, com.google.android.exoplayer2.Format)">
  </item>
  <item name="com.google.android.exoplayer2.video.MediaCodecVideoRenderer scalingMode">
    <annotation name="androidx.annotation.IntDef">
      <val name="value" val="{com.google.android.exoplayer2.C.VIDEO_SCALING_MODE_SCALE_TO_FIT, com.google.android.exoplayer2.C.VIDEO_SCALING_MODE_SCALE_TO_FIT_WITH_CROPPING}" />
    </annotation>
  </item>
  <item name="com.google.android.exoplayer2.video.SimpleDecoderVideoRenderer decoderReinitializationState">
    <annotation name="androidx.annotation.IntDef">
      <val name="value" val="{com.google.android.exoplayer2.video.SimpleDecoderVideoRenderer.REINITIALIZATION_STATE_NONE, com.google.android.exoplayer2.video.SimpleDecoderVideoRenderer.REINITIALIZATION_STATE_SIGNAL_END_OF_STREAM, com.google.android.exoplayer2.video.SimpleDecoderVideoRenderer.REINITIALIZATION_STATE_WAIT_END_OF_STREAM}" />
    </annotation>
  </item>
  <item name="com.google.android.exoplayer2.video.SimpleDecoderVideoRenderer int supportsFormat(com.google.android.exoplayer2.Format)">
  </item>
  <item name="com.google.android.exoplayer2.video.SimpleDecoderVideoRenderer int supportsFormatInternal(com.google.android.exoplayer2.drm.DrmSessionManager&lt;com.google.android.exoplayer2.drm.ExoMediaCrypto&gt;, com.google.android.exoplayer2.Format)">
  </item>
  <item name="com.google.android.exoplayer2.video.SimpleDecoderVideoRenderer outputMode">
    <annotation name="androidx.annotation.IntDef">
      <val name="value" val="{com.google.android.exoplayer2.C.VIDEO_OUTPUT_MODE_NONE, com.google.android.exoplayer2.C.VIDEO_OUTPUT_MODE_YUV, com.google.android.exoplayer2.C.VIDEO_OUTPUT_MODE_SURFACE_YUV}" />
    </annotation>
  </item>
  <item name="com.google.android.exoplayer2.video.SimpleDecoderVideoRenderer void setDecoderOutputMode(int) 0">
    <annotation name="androidx.annotation.IntDef">
      <val name="value" val="{com.google.android.exoplayer2.C.VIDEO_OUTPUT_MODE_NONE, com.google.android.exoplayer2.C.VIDEO_OUTPUT_MODE_YUV, com.google.android.exoplayer2.C.VIDEO_OUTPUT_MODE_SURFACE_YUV}" />
    </annotation>
  </item>
  <item name="com.google.android.exoplayer2.video.VideoDecoderOutputBuffer mode">
    <annotation name="androidx.annotation.IntDef">
      <val name="value" val="{com.google.android.exoplayer2.C.VIDEO_OUTPUT_MODE_NONE, com.google.android.exoplayer2.C.VIDEO_OUTPUT_MODE_YUV, com.google.android.exoplayer2.C.VIDEO_OUTPUT_MODE_SURFACE_YUV}" />
    </annotation>
  </item>
  <item name="com.google.android.exoplayer2.video.VideoDecoderOutputBuffer void init(long, int, java.nio.ByteBuffer) 1">
    <annotation name="androidx.annotation.IntDef">
      <val name="value" val="{com.google.android.exoplayer2.C.VIDEO_OUTPUT_MODE_NONE, com.google.android.exoplayer2.C.VIDEO_OUTPUT_MODE_YUV, com.google.android.exoplayer2.C.VIDEO_OUTPUT_MODE_SURFACE_YUV}" />
    </annotation>
  </item>
</root>

