<?xml version="1.0" encoding="UTF-8"?>
<root>
  <item name="com.google.android.exoplayer2.drm.DefaultDrmSession DefaultDrmSession(java.util.UUID, com.google.android.exoplayer2.drm.ExoMediaDrm&lt;T&gt;, com.google.android.exoplayer2.drm.DefaultDrmSession.ProvisioningManager&lt;T&gt;, com.google.android.exoplayer2.drm.DefaultDrmSession.ReleaseCallback&lt;T&gt;, java.util.List&lt;com.google.android.exoplayer2.drm.DrmInitData.SchemeData&gt;, int, boolean, boolean, byte[], java.util.HashMap&lt;java.lang.String,java.lang.String&gt;, com.google.android.exoplayer2.drm.MediaDrmCallback, android.os.Looper, com.google.android.exoplayer2.util.EventDispatcher&lt;com.google.android.exoplayer2.drm.DefaultDrmSessionEventListener&gt;, com.google.android.exoplayer2.upstream.LoadErrorHandlingPolicy) 5">
    <annotation name="androidx.annotation.IntDef">
      <val name="value" val="{com.google.android.exoplayer2.drm.DefaultDrmSessionManager.MODE_PLAYBACK, com.google.android.exoplayer2.drm.DefaultDrmSessionManager.MODE_QUERY, com.google.android.exoplayer2.drm.DefaultDrmSessionManager.MODE_DOWNLOAD, com.google.android.exoplayer2.drm.DefaultDrmSessionManager.MODE_RELEASE}" />
    </annotation>
  </item>
  <item name="com.google.android.exoplayer2.drm.DefaultDrmSession int getState()">
    <annotation name="androidx.annotation.IntDef">
      <val name="value" val="{com.google.android.exoplayer2.drm.DrmSession.STATE_RELEASED, com.google.android.exoplayer2.drm.DrmSession.STATE_ERROR, com.google.android.exoplayer2.drm.DrmSession.STATE_OPENING, com.google.android.exoplayer2.drm.DrmSession.STATE_OPENED, com.google.android.exoplayer2.drm.DrmSession.STATE_OPENED_WITH_KEYS}" />
    </annotation>
  </item>
  <item name="com.google.android.exoplayer2.drm.DefaultDrmSession mode">
    <annotation name="androidx.annotation.IntDef">
      <val name="value" val="{com.google.android.exoplayer2.drm.DefaultDrmSessionManager.MODE_PLAYBACK, com.google.android.exoplayer2.drm.DefaultDrmSessionManager.MODE_QUERY, com.google.android.exoplayer2.drm.DefaultDrmSessionManager.MODE_DOWNLOAD, com.google.android.exoplayer2.drm.DefaultDrmSessionManager.MODE_RELEASE}" />
    </annotation>
  </item>
  <item name="com.google.android.exoplayer2.drm.DefaultDrmSession state">
    <annotation name="androidx.annotation.IntDef">
      <val name="value" val="{com.google.android.exoplayer2.drm.DrmSession.STATE_RELEASED, com.google.android.exoplayer2.drm.DrmSession.STATE_ERROR, com.google.android.exoplayer2.drm.DrmSession.STATE_OPENING, com.google.android.exoplayer2.drm.DrmSession.STATE_OPENED, com.google.android.exoplayer2.drm.DrmSession.STATE_OPENED_WITH_KEYS}" />
    </annotation>
  </item>
  <item name="com.google.android.exoplayer2.drm.DefaultDrmSessionManager void setMode(int, byte[]) 0">
    <annotation name="androidx.annotation.IntDef">
      <val name="value" val="{com.google.android.exoplayer2.drm.DefaultDrmSessionManager.MODE_PLAYBACK, com.google.android.exoplayer2.drm.DefaultDrmSessionManager.MODE_QUERY, com.google.android.exoplayer2.drm.DefaultDrmSessionManager.MODE_DOWNLOAD, com.google.android.exoplayer2.drm.DefaultDrmSessionManager.MODE_RELEASE}" />
    </annotation>
  </item>
  <item name="com.google.android.exoplayer2.drm.DefaultDrmSessionManager.Mode">
    <annotation name="androidx.annotation.IntDef">
      <val name="value" val="{com.google.android.exoplayer2.drm.DefaultDrmSessionManager.MODE_PLAYBACK, com.google.android.exoplayer2.drm.DefaultDrmSessionManager.MODE_QUERY, com.google.android.exoplayer2.drm.DefaultDrmSessionManager.MODE_DOWNLOAD, com.google.android.exoplayer2.drm.DefaultDrmSessionManager.MODE_RELEASE}" />
    </annotation>
  </item>
  <item name="com.google.android.exoplayer2.drm.DrmSession int getState()">
    <annotation name="androidx.annotation.IntDef">
      <val name="value" val="{com.google.android.exoplayer2.drm.DrmSession.STATE_RELEASED, com.google.android.exoplayer2.drm.DrmSession.STATE_ERROR, com.google.android.exoplayer2.drm.DrmSession.STATE_OPENING, com.google.android.exoplayer2.drm.DrmSession.STATE_OPENED, com.google.android.exoplayer2.drm.DrmSession.STATE_OPENED_WITH_KEYS}" />
    </annotation>
  </item>
  <item name="com.google.android.exoplayer2.drm.DrmSession.State">
    <annotation name="androidx.annotation.IntDef">
      <val name="value" val="{com.google.android.exoplayer2.drm.DrmSession.STATE_RELEASED, com.google.android.exoplayer2.drm.DrmSession.STATE_ERROR, com.google.android.exoplayer2.drm.DrmSession.STATE_OPENING, com.google.android.exoplayer2.drm.DrmSession.STATE_OPENED, com.google.android.exoplayer2.drm.DrmSession.STATE_OPENED_WITH_KEYS}" />
    </annotation>
  </item>
  <item name="com.google.android.exoplayer2.drm.OfflineLicenseHelper byte[] blockingKeyRequest(int, byte[], com.google.android.exoplayer2.drm.DrmInitData) 0">
    <annotation name="androidx.annotation.IntDef">
      <val name="value" val="{com.google.android.exoplayer2.drm.DefaultDrmSessionManager.MODE_PLAYBACK, com.google.android.exoplayer2.drm.DefaultDrmSessionManager.MODE_QUERY, com.google.android.exoplayer2.drm.DefaultDrmSessionManager.MODE_DOWNLOAD, com.google.android.exoplayer2.drm.DefaultDrmSessionManager.MODE_RELEASE}" />
    </annotation>
  </item>
  <item name="com.google.android.exoplayer2.drm.OfflineLicenseHelper com.google.android.exoplayer2.drm.DrmSession&lt;T&gt; openBlockingKeyRequest(int, byte[], com.google.android.exoplayer2.drm.DrmInitData) 0">
    <annotation name="androidx.annotation.IntDef">
      <val name="value" val="{com.google.android.exoplayer2.drm.DefaultDrmSessionManager.MODE_PLAYBACK, com.google.android.exoplayer2.drm.DefaultDrmSessionManager.MODE_QUERY, com.google.android.exoplayer2.drm.DefaultDrmSessionManager.MODE_DOWNLOAD, com.google.android.exoplayer2.drm.DefaultDrmSessionManager.MODE_RELEASE}" />
    </annotation>
  </item>
  <item name="com.google.android.exoplayer2.drm.UnsupportedDrmException UnsupportedDrmException(int) 0">
    <annotation name="androidx.annotation.IntDef">
      <val name="value" val="{com.google.android.exoplayer2.drm.UnsupportedDrmException.REASON_UNSUPPORTED_SCHEME, com.google.android.exoplayer2.drm.UnsupportedDrmException.REASON_INSTANTIATION_ERROR}" />
    </annotation>
  </item>
  <item name="com.google.android.exoplayer2.drm.UnsupportedDrmException UnsupportedDrmException(int, java.lang.Exception) 0">
    <annotation name="androidx.annotation.IntDef">
      <val name="value" val="{com.google.android.exoplayer2.drm.UnsupportedDrmException.REASON_UNSUPPORTED_SCHEME, com.google.android.exoplayer2.drm.UnsupportedDrmException.REASON_INSTANTIATION_ERROR}" />
    </annotation>
  </item>
  <item name="com.google.android.exoplayer2.drm.UnsupportedDrmException reason">
    <annotation name="androidx.annotation.IntDef">
      <val name="value" val="{com.google.android.exoplayer2.drm.UnsupportedDrmException.REASON_UNSUPPORTED_SCHEME, com.google.android.exoplayer2.drm.UnsupportedDrmException.REASON_INSTANTIATION_ERROR}" />
    </annotation>
  </item>
  <item name="com.google.android.exoplayer2.drm.UnsupportedDrmException.Reason">
    <annotation name="androidx.annotation.IntDef">
      <val name="value" val="{com.google.android.exoplayer2.drm.UnsupportedDrmException.REASON_UNSUPPORTED_SCHEME, com.google.android.exoplayer2.drm.UnsupportedDrmException.REASON_INSTANTIATION_ERROR}" />
    </annotation>
  </item>
</root>

